alvaro@gmail.com-acuario157-Orden1234
cristo157@gmail.com-cristo-Ordenacion
valentin@gmail.com-valentin157-Talleres1234
rivas@gmail.com-rivas157-Ordenacion
cry@gmail.com-cry157-Orden1234
goku@gmail.com-goku123-Orden1234
picoro@gmail.com-picoro-12345
gohan@gmail.com-dormir123-12345
kenye@gmail.com-kenye-123456
krili@gmail.com-krilin-12345
cooler@gmail.com-cooler-1234
evangelion0156@gmail.com-sekai0157-Lelouchmaster159
posom@gmail.com-posom-1234
